Job_Title,City,Skill
Software Engineer,Delhi,Machine Learning
Data Scientist,Delhi,R
ML Engineer,Mumbai,Excel
ML Engineer,Mumbai,Power BI
Software Engineer,Hyderabad,Power BI
Data Analyst,Hyderabad,R
Data Analyst,Delhi,Python
ML Engineer,Pune,AWS
Software Engineer,Mumbai,Tableau
Software Engineer,Delhi,Power BI
Software Engineer,Delhi,Java
Data Scientist,Mumbai,Python
Software Engineer,Hyderabad,Java
Data Analyst,Pune,Tableau
Data Scientist,Mumbai,R
ML Engineer,Delhi,Tableau
Software Engineer,Chennai,R
Data Scientist,Pune,Communication
Business Analyst,Delhi,Power BI
ML Engineer,Chennai,Statistics
Business Analyst,Chennai,Machine Learning
ML Engineer,Delhi,R
Software Engineer,Mumbai,Communication
ML Engineer,Bangalore,Java
Software Engineer,Pune,AWS
Business Analyst,Pune,Statistics
Business Analyst,Mumbai,R
Software Engineer,Chennai,Python
Software Engineer,Delhi,Python
Software Engineer,Mumbai,Power BI
Software Engineer,Hyderabad,R
Data Scientist,Chennai,Deep Learning
ML Engineer,Pune,Power BI
Data Scientist,Pune,Excel
Business Analyst,Mumbai,Python
Software Engineer,Bangalore,R
Software Engineer,Hyderabad,SQL
Data Scientist,Delhi,AWS
Business Analyst,Hyderabad,Machine Learning
Software Engineer,Mumbai,Statistics
Software Engineer,Mumbai,Communication
Software Engineer,Delhi,R
Software Engineer,Hyderabad,R
ML Engineer,Chennai,Deep Learning
Business Analyst,Chennai,Power BI
Software Engineer,Pune,Machine Learning
Data Analyst,Pune,Java
Software Engineer,Bangalore,AWS
Business Analyst,Pune,Python
Software Engineer,Pune,AWS
Software Engineer,Chennai,Excel
Software Engineer,Chennai,Python
Data Scientist,Hyderabad,Java
Data Analyst,Mumbai,Communication
Data Scientist,Bangalore,Deep Learning
ML Engineer,Chennai,AWS
Data Scientist,Chennai,Tableau
ML Engineer,Pune,Communication
Business Analyst,Pune,R
ML Engineer,Pune,Tableau
Software Engineer,Bangalore,SQL
Data Scientist,Bangalore,Communication
Data Scientist,Chennai,Java
Software Engineer,Pune,Tableau
ML Engineer,Mumbai,Deep Learning
Data Analyst,Pune,AWS
Data Scientist,Pune,Python
Data Analyst,Hyderabad,Communication
ML Engineer,Bangalore,Java
Software Engineer,Bangalore,Machine Learning
Software Engineer,Bangalore,Statistics
Data Analyst,Mumbai,SQL
Business Analyst,Hyderabad,AWS
ML Engineer,Pune,SQL
Software Engineer,Chennai,Communication
ML Engineer,Chennai,Power BI
Data Scientist,Hyderabad,Excel
Data Scientist,Bangalore,Excel
Business Analyst,Mumbai,Power BI
ML Engineer,Pune,Power BI
ML Engineer,Chennai,Python
Data Analyst,Mumbai,SQL
Data Analyst,Chennai,AWS
Software Engineer,Chennai,Excel
Business Analyst,Chennai,Communication
Software Engineer,Pune,Tableau
Software Engineer,Bangalore,Statistics
Data Scientist,Pune,Deep Learning
Business Analyst,Hyderabad,Statistics
Data Scientist,Pune,SQL
Data Scientist,Hyderabad,Java
Software Engineer,Delhi,R
Data Analyst,Bangalore,Machine Learning
Data Analyst,Mumbai,Java
Data Analyst,Delhi,AWS
Business Analyst,Hyderabad,Power BI
Software Engineer,Pune,R
Data Analyst,Mumbai,Python
ML Engineer,Mumbai,Java
Data Analyst,Bangalore,Machine Learning
Software Engineer,Mumbai,AWS
Data Analyst,Pune,Statistics
ML Engineer,Bangalore,Java
Data Scientist,Delhi,Tableau
Data Scientist,Pune,Statistics
ML Engineer,Chennai,Communication
Data Scientist,Delhi,Statistics
Software Engineer,Delhi,Tableau
ML Engineer,Hyderabad,Tableau
Data Scientist,Hyderabad,Java
ML Engineer,Delhi,R
Business Analyst,Mumbai,Power BI
Software Engineer,Chennai,Communication
Business Analyst,Bangalore,SQL
ML Engineer,Pune,SQL
Data Analyst,Mumbai,Communication
Data Scientist,Mumbai,SQL
ML Engineer,Chennai,Machine Learning
Data Scientist,Mumbai,Machine Learning
Data Scientist,Mumbai,Power BI
Business Analyst,Mumbai,SQL
Data Analyst,Mumbai,Communication
Data Scientist,Delhi,Machine Learning
Business Analyst,Delhi,R
Software Engineer,Chennai,Statistics
ML Engineer,Delhi,R
Business Analyst,Bangalore,Python
Business Analyst,Bangalore,Excel
Business Analyst,Chennai,Tableau
Data Analyst,Hyderabad,Java
Software Engineer,Pune,Excel
Software Engineer,Hyderabad,Excel
ML Engineer,Hyderabad,Communication
Data Analyst,Mumbai,Python
Data Scientist,Hyderabad,R
Business Analyst,Bangalore,Tableau
ML Engineer,Chennai,Excel
Data Scientist,Delhi,Tableau
Data Scientist,Pune,Java
Data Scientist,Delhi,Tableau
Data Analyst,Chennai,Excel
Software Engineer,Pune,Power BI
Software Engineer,Bangalore,Python
Data Scientist,Mumbai,SQL
Software Engineer,Pune,R
Software Engineer,Hyderabad,Tableau
Business Analyst,Bangalore,Power BI
Data Analyst,Mumbai,Machine Learning
ML Engineer,Pune,R
Data Scientist,Delhi,R
Software Engineer,Chennai,Machine Learning
ML Engineer,Chennai,Machine Learning
Data Analyst,Delhi,Machine Learning
ML Engineer,Pune,Java
Software Engineer,Chennai,R
ML Engineer,Delhi,Tableau
Business Analyst,Pune,Communication
Data Analyst,Pune,R
Data Analyst,Hyderabad,AWS
Data Scientist,Bangalore,Python
ML Engineer,Chennai,Statistics
Software Engineer,Delhi,Machine Learning
ML Engineer,Pune,Excel
Data Analyst,Mumbai,Communication
Software Engineer,Bangalore,Deep Learning
Data Scientist,Delhi,Power BI
Data Analyst,Mumbai,Statistics
ML Engineer,Hyderabad,Communication
Data Analyst,Hyderabad,Communication
Data Analyst,Pune,Communication
Data Analyst,Pune,Java
Data Analyst,Mumbai,Excel
Business Analyst,Mumbai,Machine Learning
Data Analyst,Mumbai,Python
Software Engineer,Hyderabad,Java
Software Engineer,Mumbai,Statistics
Data Scientist,Hyderabad,Tableau
Business Analyst,Bangalore,SQL
Data Scientist,Chennai,Statistics
ML Engineer,Pune,Machine Learning
Data Analyst,Delhi,R
Data Scientist,Pune,Tableau
Software Engineer,Mumbai,Statistics
Business Analyst,Mumbai,Excel
ML Engineer,Mumbai,Java
ML Engineer,Hyderabad,Python
ML Engineer,Pune,Java
Data Analyst,Bangalore,Excel
Business Analyst,Pune,AWS
Data Scientist,Delhi,Deep Learning
Data Analyst,Chennai,Communication
Business Analyst,Mumbai,Java
Business Analyst,Pune,Python
Business Analyst,Delhi,Statistics
Data Scientist,Pune,Java
Software Engineer,Delhi,R
Data Scientist,Mumbai,Excel
ML Engineer,Bangalore,Excel
Data Analyst,Mumbai,AWS
Data Scientist,Hyderabad,Power BI
Business Analyst,Chennai,Java
Data Analyst,Chennai,Java
ML Engineer,Hyderabad,Python
Business Analyst,Hyderabad,Python
Data Scientist,Pune,Python
Software Engineer,Delhi,SQL
Data Scientist,Pune,Python
Software Engineer,Delhi,Statistics
ML Engineer,Bangalore,Java
Data Analyst,Chennai,Statistics
Business Analyst,Delhi,Java
ML Engineer,Hyderabad,Deep Learning
Business Analyst,Hyderabad,Deep Learning
Business Analyst,Mumbai,Python
Data Analyst,Hyderabad,Machine Learning
Business Analyst,Chennai,Java
Data Analyst,Delhi,Power BI
Business Analyst,Mumbai,Machine Learning
Data Scientist,Pune,Statistics
Software Engineer,Bangalore,SQL
Data Scientist,Pune,Machine Learning
Data Analyst,Hyderabad,AWS
ML Engineer,Pune,Communication
ML Engineer,Mumbai,Statistics
Data Scientist,Delhi,Excel
Software Engineer,Mumbai,Tableau
Software Engineer,Hyderabad,Statistics
Business Analyst,Bangalore,Communication
Data Analyst,Delhi,AWS
Data Scientist,Chennai,Deep Learning
Data Scientist,Chennai,Excel
Software Engineer,Pune,R
ML Engineer,Delhi,Communication
Business Analyst,Pune,Power BI
Software Engineer,Hyderabad,Power BI
Software Engineer,Delhi,Excel
Data Analyst,Hyderabad,Python
ML Engineer,Chennai,AWS
Software Engineer,Mumbai,SQL
Data Scientist,Hyderabad,R
Data Scientist,Chennai,Deep Learning
Data Scientist,Pune,Java
Data Scientist,Mumbai,Statistics
Business Analyst,Hyderabad,SQL
Data Scientist,Chennai,Deep Learning
Data Analyst,Delhi,Java
Data Scientist,Pune,Machine Learning
Data Analyst,Hyderabad,Python
Business Analyst,Chennai,R
ML Engineer,Hyderabad,Statistics
Business Analyst,Delhi,Statistics
Software Engineer,Hyderabad,SQL
Data Analyst,Bangalore,SQL
ML Engineer,Pune,Power BI
Software Engineer,Chennai,AWS
ML Engineer,Delhi,SQL
Data Scientist,Chennai,Machine Learning
Software Engineer,Chennai,Python
Business Analyst,Hyderabad,Statistics
Software Engineer,Pune,Tableau
Data Analyst,Pune,Deep Learning
Business Analyst,Delhi,Tableau
Business Analyst,Chennai,AWS
Software Engineer,Pune,Machine Learning
Data Scientist,Delhi,AWS
Business Analyst,Delhi,R
Software Engineer,Pune,Python
ML Engineer,Bangalore,Statistics
Data Scientist,Delhi,AWS
Data Scientist,Hyderabad,Power BI
Software Engineer,Chennai,Communication
Software Engineer,Mumbai,AWS
ML Engineer,Delhi,Power BI
ML Engineer,Pune,Machine Learning
ML Engineer,Mumbai,R
ML Engineer,Delhi,Python
Software Engineer,Mumbai,Deep Learning
ML Engineer,Delhi,Statistics
ML Engineer,Mumbai,Statistics
Data Analyst,Hyderabad,Machine Learning
Data Analyst,Pune,Power BI
Business Analyst,Chennai,Tableau
Business Analyst,Hyderabad,R
Data Analyst,Mumbai,Java
Data Scientist,Chennai,Tableau
Business Analyst,Delhi,AWS
Business Analyst,Delhi,Java
Software Engineer,Hyderabad,SQL
Data Analyst,Hyderabad,AWS
Business Analyst,Delhi,Machine Learning
Business Analyst,Chennai,Power BI
Software Engineer,Mumbai,Communication
ML Engineer,Bangalore,Tableau
Software Engineer,Pune,R
Data Scientist,Chennai,Power BI
Business Analyst,Delhi,Machine Learning
Data Analyst,Chennai,Power BI
Data Scientist,Hyderabad,Excel
Business Analyst,Delhi,R
Business Analyst,Bangalore,Tableau
Software Engineer,Chennai,Deep Learning
Data Analyst,Delhi,Communication
ML Engineer,Pune,Communication
Software Engineer,Hyderabad,SQL
Data Analyst,Hyderabad,R
Business Analyst,Hyderabad,Excel
Software Engineer,Hyderabad,Deep Learning
Data Scientist,Pune,Statistics
Data Analyst,Pune,SQL
Software Engineer,Bangalore,Deep Learning
Business Analyst,Delhi,Java
Data Analyst,Hyderabad,Communication
Software Engineer,Delhi,AWS
ML Engineer,Pune,SQL
Business Analyst,Delhi,SQL
Data Analyst,Pune,R
Software Engineer,Delhi,Machine Learning
Data Scientist,Delhi,SQL
ML Engineer,Chennai,Communication
Software Engineer,Mumbai,Python
Data Scientist,Pune,Deep Learning
Business Analyst,Delhi,SQL
Software Engineer,Hyderabad,Python
Data Scientist,Hyderabad,Python
Data Analyst,Pune,Tableau
Data Scientist,Bangalore,Communication
Business Analyst,Bangalore,R
Software Engineer,Delhi,R
Business Analyst,Chennai,Deep Learning
Data Analyst,Hyderabad,R
ML Engineer,Pune,Python
Data Analyst,Mumbai,Machine Learning
ML Engineer,Chennai,Machine Learning
Data Scientist,Chennai,Power BI
Software Engineer,Mumbai,Deep Learning
Data Analyst,Bangalore,Deep Learning
ML Engineer,Chennai,SQL
ML Engineer,Mumbai,Java
Business Analyst,Pune,Deep Learning
Data Analyst,Chennai,Power BI
ML Engineer,Bangalore,Excel
ML Engineer,Bangalore,Tableau
Software Engineer,Pune,Communication
ML Engineer,Delhi,Tableau
ML Engineer,Delhi,SQL
Business Analyst,Hyderabad,Python
Data Scientist,Pune,AWS
Data Analyst,Pune,Communication
Data Scientist,Mumbai,Java
Business Analyst,Bangalore,Python
Data Analyst,Hyderabad,Communication
Data Analyst,Pune,Machine Learning
Software Engineer,Chennai,Communication
Data Scientist,Pune,Python
Data Scientist,Hyderabad,Statistics
Data Scientist,Chennai,Power BI
Business Analyst,Chennai,Statistics
Data Analyst,Pune,SQL
Software Engineer,Chennai,Java
Software Engineer,Pune,AWS
Business Analyst,Delhi,Python
Business Analyst,Mumbai,Statistics
Data Scientist,Hyderabad,Power BI
Data Scientist,Chennai,Java
Data Analyst,Mumbai,Excel
Software Engineer,Delhi,SQL
Data Analyst,Delhi,Power BI
Software Engineer,Hyderabad,Tableau
Business Analyst,Pune,Java
Business Analyst,Chennai,Python
Data Scientist,Pune,SQL
ML Engineer,Mumbai,Communication
Data Scientist,Chennai,Excel
ML Engineer,Chennai,Communication
Business Analyst,Delhi,Machine Learning
Data Scientist,Delhi,Deep Learning
Software Engineer,Hyderabad,AWS
ML Engineer,Chennai,Java
ML Engineer,Mumbai,R
Data Scientist,Pune,Tableau
Data Analyst,Pune,SQL
Data Analyst,Pune,Java
ML Engineer,Mumbai,Deep Learning
ML Engineer,Pune,SQL
Business Analyst,Mumbai,AWS
Data Analyst,Chennai,Statistics
Data Scientist,Delhi,Java
Data Scientist,Delhi,AWS
Data Analyst,Delhi,AWS
Software Engineer,Delhi,Communication
Data Scientist,Hyderabad,Power BI
ML Engineer,Bangalore,Machine Learning
Business Analyst,Pune,Machine Learning
ML Engineer,Bangalore,SQL
Data Scientist,Bangalore,Machine Learning
Data Scientist,Chennai,R
Data Analyst,Bangalore,Java
Business Analyst,Delhi,R
Data Analyst,Hyderabad,Power BI
Software Engineer,Mumbai,Excel
Data Analyst,Pune,Machine Learning
Data Analyst,Mumbai,Communication
Business Analyst,Chennai,Excel
Business Analyst,Bangalore,Power BI
ML Engineer,Pune,Tableau
Software Engineer,Bangalore,Machine Learning
Data Analyst,Delhi,Deep Learning
ML Engineer,Bangalore,AWS
Data Scientist,Bangalore,Python
Data Analyst,Chennai,Python
Business Analyst,Chennai,Java
Data Analyst,Chennai,Python
Business Analyst,Delhi,Machine Learning
Business Analyst,Mumbai,Communication
Software Engineer,Hyderabad,Communication
Data Scientist,Mumbai,Communication
Business Analyst,Chennai,Machine Learning
ML Engineer,Chennai,AWS
ML Engineer,Chennai,AWS
ML Engineer,Chennai,Machine Learning
ML Engineer,Delhi,Python
Business Analyst,Hyderabad,Excel
Data Analyst,Bangalore,Deep Learning
Data Scientist,Hyderabad,Communication
ML Engineer,Chennai,Machine Learning
Business Analyst,Mumbai,Power BI
Data Analyst,Delhi,Statistics
Data Analyst,Hyderabad,Tableau
Data Scientist,Mumbai,Tableau
Data Scientist,Delhi,Communication
Data Analyst,Delhi,Communication
Software Engineer,Chennai,Deep Learning
Business Analyst,Chennai,Power BI
Software Engineer,Mumbai,Deep Learning
Data Scientist,Delhi,Excel
Software Engineer,Chennai,Deep Learning
ML Engineer,Delhi,Excel
ML Engineer,Mumbai,AWS
Data Analyst,Mumbai,Python
Software Engineer,Pune,Statistics
Business Analyst,Chennai,SQL
Business Analyst,Pune,AWS
Data Scientist,Bangalore,Communication
Data Scientist,Bangalore,Communication
Software Engineer,Chennai,Statistics
ML Engineer,Mumbai,Python
ML Engineer,Pune,Tableau
Software Engineer,Delhi,Machine Learning
Data Analyst,Mumbai,AWS
ML Engineer,Delhi,Java
Data Analyst,Bangalore,Communication
Data Analyst,Chennai,Excel
Data Scientist,Chennai,AWS
Data Scientist,Mumbai,R
Software Engineer,Chennai,Machine Learning
Software Engineer,Mumbai,Machine Learning
ML Engineer,Chennai,Deep Learning
Data Analyst,Mumbai,Deep Learning
Data Scientist,Bangalore,Tableau
Data Analyst,Bangalore,Statistics
Data Analyst,Mumbai,Power BI
Business Analyst,Delhi,Excel
Business Analyst,Delhi,Excel
ML Engineer,Delhi,R
Data Scientist,Hyderabad,Tableau
Business Analyst,Chennai,AWS
ML Engineer,Pune,Tableau
Data Analyst,Bangalore,Deep Learning
ML Engineer,Hyderabad,Deep Learning
ML Engineer,Chennai,Communication
ML Engineer,Pune,Tableau
Software Engineer,Chennai,Deep Learning
Business Analyst,Delhi,Tableau
Business Analyst,Pune,Statistics
Data Scientist,Delhi,Java
Data Analyst,Bangalore,R
Business Analyst,Delhi,SQL
Data Scientist,Pune,Power BI
Data Analyst,Chennai,Python
Software Engineer,Delhi,Tableau
Business Analyst,Delhi,R
Business Analyst,Chennai,Python
Software Engineer,Pune,Statistics
Data Scientist,Chennai,Communication
Business Analyst,Chennai,Communication
Data Scientist,Chennai,SQL
ML Engineer,Chennai,AWS
Software Engineer,Hyderabad,SQL
Business Analyst,Hyderabad,Python
Data Analyst,Bangalore,Python
Data Analyst,Hyderabad,Excel
Data Analyst,Pune,Python
Business Analyst,Bangalore,SQL
Data Scientist,Bangalore,SQL
Business Analyst,Mumbai,Power BI
Software Engineer,Pune,R
Software Engineer,Mumbai,Machine Learning
Software Engineer,Hyderabad,Python
ML Engineer,Bangalore,Machine Learning
Data Scientist,Bangalore,Excel
